Sample ID,Marker,Allele
1,D8S1179,12
1,D8S1179,15
1,D21S11,31
1,D21S11,29
1,D7S820,9
1,CSF1PO,12
1,CSF1PO,11
1,D3S1358,18
1,D3S1358,14
1,TH01,6
1,TH01,9.3
1,D13S317,12
1,D13S317,8
1,D16S539,13
1,D16S539,12
1,D2S1338,22
1,D2S1338,20
1,D19S433,14
1,D19S433,15
1,vWA,19
1,vWA,17
1,TPOX,8
1,TPOX,11
1,D18S51,13
1,D18S51,15
1,AM,X
1,D5S818,12
1,D5S818,11
1,FGA,25
1,FGA,20
2,D8S1179,13
2,D21S11,31
2,D21S11,29
2,D7S820,10
2,D7S820,8
2,CSF1PO,7
2,CSF1PO,8
2,D3S1358,16
2,D3S1358,15
2,TH01,6
2,TH01,9
2,D13S317,11
2,D16S539,13
2,D16S539,11
2,D2S1338,21
2,D19S433,13
2,D19S433,14
2,vWA,17
2,vWA,15
2,TPOX,9
2,D18S51,17
2,AM,X
2,AM,Y
2,D5S818,12
2,D5S818,11
2,FGA,24
2,FGA,28
3,D8S1179,14
3,D8S1179,15
3,D21S11,32.2
3,D7S820,8
3,D7S820,11
3,CSF1PO,12
3,CSF1PO,8
3,D3S1358,17
3,D3S1358,16
3,TH01,9
3,TH01,8
3,D13S317,12
3,D13S317,11
3,D16S539,14
3,D16S539,11
3,D2S1338,22
3,D2S1338,25
3,D19S433,12
3,D19S433,14
3,vWA,16
3,vWA,15
3,TPOX,11
3,D18S51,18
3,D18S51,17
3,AM,X
3,AM,Y
3,D5S818,13
3,D5S818,12
3,FGA,19
3,FGA,24
4,D8S1179,13
4,D8S1179,14
4,D21S11,30
4,D21S11,28
4,D7S820,9
4,CSF1PO,12
4,D3S1358,16
4,D3S1358,15
4,TH01,8
4,D13S317,12
4,D13S317,11
4,D16S539,11
4,D2S1338,25
4,D2S1338,21
4,D19S433,12.2
4,D19S433,15
4,vWA,19
4,vWA,16
4,TPOX,10
4,TPOX,11
4,D18S51,17
4,D18S51,15
4,AM,X
4,AM,Y
4,D5S818,12
4,D5S818,11
4,FGA,20
4,FGA,21
5,D8S1179,13
5,D8S1179,14
5,D21S11,31.2
5,D21S11,32.2
5,D7S820,9
5,CSF1PO,10
5,CSF1PO,9
5,D3S1358,16
5,D3S1358,15
5,TH01,9.3
5,D13S317,12
5,D13S317,11
5,D16S539,11
5,D2S1338,20
5,D19S433,14
5,D19S433,15
5,vWA,17
5,vWA,14
5,TPOX,10
5,TPOX,8
5,D18S51,14
5,D18S51,16
5,AM,X
5,AM,Y
5,D5S818,12
5,FGA,23
6,D8S1179,13
6,D8S1179,14
6,D21S11,30
6,D21S11,28
6,D7S820,10
6,D7S820,9
6,CSF1PO,10
6,CSF1PO,11
6,D3S1358,17
6,D3S1358,16
6,TH01,9.3
6,D13S317,12
6,D13S317,8
6,D16S539,9
6,D16S539,12
6,D2S1338,20
6,D2S1338,17
6,D19S433,14.2
6,D19S433,14
6,vWA,18
6,vWA,17
6,TPOX,8
6,TPOX,11
6,D18S51,17
6,D18S51,16
6,AM,X
6,AM,Y
6,D5S818,12
6,FGA,22
6,FGA,21
7,D8S1179,14
7,D21S11,28
7,D7S820,9
7,D7S820,8
7,CSF1PO,10
7,CSF1PO,11
7,D3S1358,17
7,TH01,6
7,TH01,8
7,D13S317,11
7,D16S539,13
7,D16S539,10
7,D2S1338,22
7,D2S1338,23
7,D19S433,16.2
7,D19S433,13
7,vWA,18
7,vWA,16
7,TPOX,9
7,TPOX,8
7,D18S51,19
7,D18S51,17
7,AM,X
7,D5S818,13
7,D5S818,11
7,FGA,27
7,FGA,24
8,D8S1179,13
8,D8S1179,14
8,D21S11,31
8,D21S11,29
8,D7S820,9
8,D7S820,8
8,CSF1PO,12
8,CSF1PO,11
8,D3S1358,14
8,D3S1358,15
8,TH01,9.3
8,TH01,9
8,D13S317,12
8,D13S317,8
8,D16S539,13
8,D16S539,12
8,D2S1338,20
8,D2S1338,17
8,D19S433,14
8,D19S433,15
8,vWA,19
8,vWA,14
8,TPOX,8
8,D18S51,12
8,D18S51,14
8,AM,X
8,AM,Y
8,D5S818,13
8,D5S818,11
8,FGA,23
8,FGA,24
9,D8S1179,13
9,D8S1179,12
9,D21S11,27
9,D21S11,28
9,D7S820,12
9,D7S820,11
9,CSF1PO,12
9,CSF1PO,11
9,D3S1358,15
9,TH01,6
9,TH01,7
9,D13S317,12
9,D13S317,11
9,D16S539,12
9,D16S539,11
9,D2S1338,19
9,D2S1338,16
9,D19S433,13
9,vWA,16
9,vWA,15
9,TPOX,6
9,TPOX,9
9,D18S51,22
9,D18S51,20
9,AM,X
9,AM,Y
9,D5S818,10
9,D5S818,11
9,FGA,22
9,FGA,23
10,D8S1179,16
10,D8S1179,15
10,D21S11,27
10,D21S11,29
10,D7S820,8
10,D7S820,11
10,CSF1PO,12
10,CSF1PO,11
10,D3S1358,16
10,TH01,7
10,D13S317,13
10,D13S317,12
10,D16S539,10
10,D16S539,9
10,D2S1338,24
10,D2S1338,20
10,D19S433,13
10,D19S433,15.2
10,vWA,14
10,vWA,15
10,TPOX,8
10,TPOX,11
10,D18S51,13
10,D18S51,16
10,AM,X
10,AM,Y
10,D5S818,13
10,D5S818,12
10,FGA,23
10,FGA,24
11,D8S1179,13
11,D8S1179,14
11,D21S11,30
11,D21S11,33.2
11,D7S820,12
11,D7S820,8
11,CSF1PO,13
11,CSF1PO,10
11,D3S1358,17
11,D3S1358,14
11,TH01,9.3
11,TH01,7
11,D13S317,13
11,D13S317,12
11,D16S539,10
11,D16S539,11
11,D2S1338,23
11,D2S1338,26
11,D19S433,12
11,D19S433,14
11,vWA,15
11,TPOX,10
11,TPOX,8
11,D18S51,17
11,AM,X
11,AM,Y
11,D5S818,11
11,FGA,22
11,FGA,21
12,D8S1179,15
12,D8S1179,11
12,D21S11,31.2
12,D21S11,29
12,D7S820,7
12,D7S820,12
12,CSF1PO,10
12,D3S1358,18
12,D3S1358,15
12,TH01,6
12,TH01,9.3
12,D13S317,13
12,D13S317,8
12,D16S539,13
12,D16S539,11
12,D2S1338,23
12,D19S433,12
12,D19S433,14
12,vWA,19
12,vWA,17
12,TPOX,8
12,TPOX,11
12,D18S51,13
12,D18S51,14
12,AM,X
12,AM,Y
12,D5S818,10
12,D5S818,12
12,FGA,25
12,FGA,19
13,D8S1179,13
13,D8S1179,14
13,D21S11,32.2
13,D7S820,9
13,D7S820,8
13,CSF1PO,12
13,CSF1PO,11
13,D3S1358,15
13,TH01,7
13,D13S317,12
13,D13S317,14
13,D16S539,9
13,D16S539,8
13,D2S1338,25
13,D2S1338,17
13,D19S433,14
13,D19S433,11
13,vWA,16
13,TPOX,8
13,TPOX,11
13,D18S51,12
13,D18S51,15
13,AM,X
13,AM,Y
13,D5S818,13
13,D5S818,12
13,FGA,19
13,FGA,27
14,D8S1179,13
14,D8S1179,11
14,D21S11,30
14,D21S11,24.3
14,D7S820,10
14,CSF1PO,12
14,D3S1358,16
14,TH01,6
14,TH01,8
14,D13S317,13
14,D13S317,11
14,D16S539,9
14,D16S539,11
14,D2S1338,25
14,D2S1338,17
14,D19S433,14
14,vWA,16
14,vWA,15
14,TPOX,8
14,TPOX,11
14,D18S51,20
14,D18S51,16
14,AM,X
14,AM,Y
14,D5S818,10
14,D5S818,11
14,FGA,25
14,FGA,21
15,D8S1179,13
15,D8S1179,15
15,D21S11,33
15,D21S11,32.2
15,D7S820,10
15,D7S820,11
15,CSF1PO,12
15,CSF1PO,8
15,D3S1358,16
15,D3S1358,15
15,TH01,7
15,TH01,8
15,D13S317,13
15,D13S317,11
15,D16S539,10
15,D16S539,11
15,D2S1338,22
15,D2S1338,20
15,D19S433,14.2
15,D19S433,14
15,vWA,17
15,vWA,15
15,TPOX,9
15,TPOX,8
15,D18S51,18
15,AM,X
15,D5S818,12
15,D5S818,11
15,FGA,23
15,FGA,24
16,D8S1179,13
16,D8S1179,14
16,D21S11,29
16,D21S11,28
16,D7S820,8
16,D7S820,11
16,CSF1PO,9
16,CSF1PO,12
16,D3S1358,17
16,D3S1358,16
16,TH01,7
16,D13S317,10
16,D13S317,12
16,D16S539,12
16,D2S1338,22
16,D2S1338,19
16,D19S433,15.2
16,D19S433,12.2
16,vWA,18
16,vWA,15
16,TPOX,9
16,D18S51,18
16,D18S51,16
16,AM,X
16,AM,Y
16,D5S818,12
16,D5S818,11
16,FGA,22
16,FGA,21
17,D8S1179,13
17,D8S1179,15
17,D21S11,30
17,D21S11,28
17,D7S820,10
17,CSF1PO,10
17,CSF1PO,7
17,D3S1358,16
17,D3S1358,15
17,TH01,6
17,TH01,8
17,D13S317,13
17,D13S317,12
17,D16S539,12
17,D16S539,11
17,D2S1338,19
17,D19S433,13
17,D19S433,11
17,vWA,17
17,vWA,16
17,TPOX,10
17,TPOX,8
17,D18S51,18
17,D18S51,16
17,AM,X
17,D5S818,11
17,FGA,23
17,FGA,20
18,D8S1179,13
18,D8S1179,15
18,D21S11,30
18,D21S11,29
18,D7S820,8
18,D7S820,11
18,CSF1PO,12
18,CSF1PO,11
18,D3S1358,18
18,D3S1358,16
18,TH01,9
18,TH01,7
18,D13S317,12
18,D13S317,8
18,D16S539,9
18,D2S1338,24
18,D2S1338,17
18,D19S433,14
18,D19S433,15
18,vWA,16
18,vWA,11
18,TPOX,8
18,TPOX,11
18,D18S51,23
18,D18S51,19
18,AM,X
18,AM,Y
18,D5S818,12
18,D5S818,11
18,FGA,22
18,FGA,20
19,D8S1179,13
19,D8S1179,16
19,D21S11,31.2
19,D21S11,27
19,D7S820,9
19,D7S820,12
19,CSF1PO,12
19,CSF1PO,8
19,D3S1358,18
19,D3S1358,15
19,TH01,8
19,D13S317,13
19,D13S317,11
19,D16S539,10
19,D16S539,11
19,D2S1338,23
19,D2S1338,21
19,D19S433,14
19,D19S433,15
19,vWA,17
19,vWA,14
19,TPOX,8
19,D18S51,12
19,D18S51,18
19,AM,X
19,AM,Y
19,D5S818,11
19,FGA,22
19,FGA,24
20,D8S1179,16
20,D8S1179,15
20,D21S11,27
20,D21S11,32.2
20,D7S820,9
20,D7S820,11
20,CSF1PO,7
20,CSF1PO,12
20,D3S1358,14
20,D3S1358,16
20,TH01,9
20,TH01,8
20,D13S317,13
20,D13S317,12
20,D16S539,9
20,D2S1338,19
20,D2S1338,20
20,D19S433,13
20,D19S433,13.2
20,vWA,18
20,vWA,16
20,TPOX,6
20,TPOX,8
20,D18S51,17
20,D18S51,16
20,AM,X
20,AM,Y
20,D5S818,12
20,D5S818,14
20,FGA,25
20,FGA,24
21,D8S1179,12
21,D8S1179,15
21,D21S11,36
21,D21S11,29
21,D7S820,10
21,D7S820,11
21,CSF1PO,10
21,CSF1PO,12
21,D3S1358,17
21,D3S1358,16
21,TH01,6
21,TH01,5
21,D13S317,12
21,D16S539,13
21,D16S539,11
21,D2S1338,20
21,D2S1338,21
21,D19S433,13
21,D19S433,13.2
21,vWA,19
21,vWA,17
21,TPOX,8
21,TPOX,11
21,D18S51,19
21,D18S51,20
21,AM,X
21,AM,Y
21,D5S818,12
21,D5S818,8
21,FGA,22
21,FGA,25
22,D8S1179,14
22,D8S1179,16
22,D21S11,32.2
22,D21S11,28
22,D7S820,12
22,D7S820,8
22,CSF1PO,13
22,CSF1PO,11
22,D3S1358,17
22,D3S1358,15
22,TH01,7
22,TH01,8
22,D13S317,12
22,D16S539,9
22,D2S1338,19
22,D19S433,14.2
22,D19S433,15
22,vWA,15
22,TPOX,10
22,TPOX,11
22,D18S51,17
22,AM,X
22,AM,Y
22,D5S818,13
22,D5S818,10
22,FGA,23
22,FGA,19
23,D8S1179,13
23,D21S11,30
23,D21S11,29
23,D7S820,11
23,CSF1PO,10
23,CSF1PO,7
23,D3S1358,17
23,D3S1358,15
23,TH01,9.3
23,TH01,7
23,D13S317,8
23,D13S317,11
23,D16S539,8
23,D16S539,11
23,D2S1338,18
23,D2S1338,21
23,D19S433,13
23,D19S433,15
23,vWA,17
23,vWA,16
23,TPOX,9
23,D18S51,13
23,D18S51,10
23,AM,X
23,AM,Y
23,D5S818,9
23,D5S818,12
23,FGA,23
23,FGA,26
24,D8S1179,13
24,D8S1179,11
24,D21S11,31.2
24,D21S11,32.2
24,D7S820,8
24,D7S820,11
24,CSF1PO,10
24,D3S1358,17
24,D3S1358,15
24,TH01,6
24,TH01,7
24,D13S317,12
24,D13S317,8
24,D16S539,9
24,D16S539,12
24,D2S1338,23
24,D2S1338,16
24,D19S433,16.2
24,D19S433,13
24,vWA,17
24,vWA,14
24,TPOX,12
24,TPOX,8
24,D18S51,18
24,D18S51,14
24,AM,X
24,AM,Y
24,D5S818,13
24,D5S818,12
24,FGA,19
24,FGA,24
25,D8S1179,13
25,D21S11,30
25,D21S11,29
25,D7S820,10
25,D7S820,12
25,CSF1PO,10
25,CSF1PO,12
25,D3S1358,16
25,TH01,9
25,TH01,8
25,D13S317,12
25,D13S317,8
25,D16S539,9
25,D16S539,12
25,D2S1338,19
25,D2S1338,20
25,D19S433,13
25,D19S433,13.2
25,vWA,20
25,vWA,16
25,TPOX,9
25,TPOX,11
25,D18S51,20
25,D18S51,14
25,AM,X
25,AM,Y
25,D5S818,10
25,D5S818,8
25,FGA,25
25,FGA,21.2
26,D8S1179,13
26,D8S1179,14
26,D21S11,33.2
26,D21S11,32.2
26,D7S820,7
26,D7S820,12
26,CSF1PO,10
26,CSF1PO,12
26,D3S1358,18
26,D3S1358,17
26,TH01,9
26,D13S317,13
26,D13S317,14
26,D16S539,12
26,D16S539,11
26,D2S1338,23
26,D2S1338,24
26,D19S433,14
26,D19S433,15
26,vWA,19
26,vWA,18
26,TPOX,8
26,D18S51,17
26,D18S51,14
26,AM,X
26,AM,Y
26,D5S818,10
26,D5S818,7
26,FGA,23
26,FGA,20
27,D8S1179,14
27,D21S11,30
27,D21S11,31
27,D7S820,13
27,D7S820,11
27,CSF1PO,12
27,CSF1PO,11
27,D3S1358,14
27,D3S1358,16
27,TH01,9.3
27,TH01,7
27,D13S317,13
27,D13S317,11
27,D16S539,13
27,D16S539,11
27,D2S1338,22
27,D2S1338,19
27,D19S433,13
27,D19S433,15
27,vWA,18
27,vWA,16
27,TPOX,8
27,D18S51,13
27,D18S51,12
27,AM,X
27,AM,Y
27,D5S818,12
27,D5S818,11
27,FGA,25
27,FGA,26
28,D8S1179,13
28,D8S1179,10
28,D21S11,31.2
28,D7S820,10
28,CSF1PO,11
28,D3S1358,14
28,D3S1358,15
28,TH01,6
28,TH01,9.3
28,D13S317,8
28,D16S539,12
28,D2S1338,25
28,D2S1338,19
28,D19S433,14
28,D19S433,16
28,vWA,17
28,TPOX,8
28,D18S51,12
28,D18S51,17
28,AM,X
28,AM,Y
28,D5S818,12
28,D5S818,11
28,FGA,21
29,D8S1179,12
29,D8S1179,15
29,D21S11,31.2
29,D21S11,28
29,D7S820,12
29,CSF1PO,10
29,CSF1PO,9
29,D3S1358,18
29,TH01,9
29,TH01,8
29,D13S317,12
29,D13S317,11
29,D16S539,11
29,D2S1338,23
29,D2S1338,24
29,D19S433,14
29,D19S433,15
29,vWA,19
29,vWA,17
29,TPOX,10
29,TPOX,11
29,D18S51,13
29,D18S51,14
29,AM,X
29,AM,Y
29,D5S818,13
29,D5S818,12
29,FGA,23
29,FGA,24
30,D8S1179,13
30,D8S1179,16
30,D21S11,29
30,D7S820,8
30,D7S820,11
30,CSF1PO,13
30,CSF1PO,12
30,D3S1358,17
30,D3S1358,15
30,TH01,6
30,TH01,7
30,D13S317,12
30,D13S317,11
30,D16S539,13
30,D16S539,11
30,D2S1338,22
30,D2S1338,17
30,D19S433,12.2
30,D19S433,12
30,vWA,18
30,vWA,15
30,TPOX,11
30,D18S51,14
30,D18S51,16
30,AM,X
30,AM,Y
30,D5S818,12
30,D5S818,11
30,FGA,22
30,FGA,19
31,D8S1179,13
31,D8S1179,11
31,D21S11,31.2
31,D21S11,29
31,D7S820,13
31,CSF1PO,12
31,CSF1PO,11
31,D3S1358,16
31,D3S1358,15
31,TH01,9.3
31,TH01,7
31,D13S317,12
31,D13S317,11
31,D16S539,10
31,D16S539,12
31,D2S1338,19
31,D19S433,14
31,D19S433,16
31,vWA,18
31,vWA,15
31,TPOX,8
31,D18S51,14
31,D18S51,15
31,AM,X
31,AM,Y
31,D5S818,10
31,FGA,27
31,FGA,21
32,D8S1179,12
32,D8S1179,14
32,D21S11,31
32,D21S11,29
32,D7S820,11
32,CSF1PO,10
32,CSF1PO,12
32,D3S1358,16
32,D3S1358,15
32,TH01,9.3
32,TH01,9
32,D13S317,12
32,D16S539,13
32,D16S539,11
32,D2S1338,22
32,D2S1338,19
32,D19S433,13
32,D19S433,11
32,vWA,18
32,vWA,16
32,TPOX,6
32,TPOX,8
32,D18S51,12
32,D18S51,17
32,AM,X
32,AM,Y
32,D5S818,13
32,D5S818,11
32,FGA,23
32,FGA,21
33,D8S1179,13
33,D8S1179,12
33,D21S11,35
33,D21S11,31.2
33,D7S820,11
33,CSF1PO,12
33,D3S1358,18
33,D3S1358,15
33,TH01,9.3
33,TH01,9
33,D13S317,13
33,D13S317,12
33,D16S539,12
33,D16S539,11
33,D2S1338,23
33,D2S1338,20
33,D19S433,13
33,D19S433,15
33,vWA,17
33,vWA,16
33,TPOX,12
33,TPOX,11
33,D18S51,16
33,AM,X
33,AM,Y
33,D5S818,13
33,D5S818,11
33,FGA,20
33,FGA,21
34,D8S1179,12
34,D8S1179,11
34,D21S11,31.2
34,D21S11,28
34,D7S820,9
34,D7S820,8
34,CSF1PO,12
34,CSF1PO,11
34,D3S1358,15
34,TH01,9.3
34,TH01,8
34,D13S317,11
34,D16S539,12
34,D16S539,8
34,D2S1338,19
34,D2S1338,17
34,D19S433,13
34,D19S433,13.2
34,vWA,18
34,vWA,17
34,TPOX,12
34,TPOX,11
34,D18S51,19
34,D18S51,14
34,AM,X
34,AM,Y
34,D5S818,13
34,D5S818,12
34,FGA,24
35,D8S1179,10
35,D8S1179,15
35,D21S11,30
35,D21S11,28
35,D7S820,9
35,D7S820,12
35,CSF1PO,10
35,CSF1PO,12
35,D3S1358,17
35,D3S1358,15
35,TH01,7
35,TH01,8
35,D13S317,12
35,D13S317,11
35,D16S539,9
35,D16S539,11
35,D2S1338,25
35,D19S433,16.2
35,D19S433,11
35,vWA,17
35,vWA,16
35,TPOX,11
35,D18S51,12
35,D18S51,20
35,AM,X
35,AM,Y
35,D5S818,12
35,FGA,19.2
35,FGA,24
36,D8S1179,13
36,D8S1179,10
36,D21S11,28
36,D7S820,10
36,D7S820,9
36,CSF1PO,10
36,D3S1358,16
36,D3S1358,15
36,TH01,9.3
36,TH01,8
36,D13S317,11
36,D16S539,9
36,D16S539,11
36,D2S1338,19
36,D2S1338,18
36,D19S433,10.2
36,D19S433,14
36,vWA,16
36,vWA,15
36,TPOX,6
36,TPOX,8
36,D18S51,18
36,D18S51,17
36,AM,X
36,AM,Y
36,D5S818,10
36,D5S818,12
36,FGA,23
36,FGA,24
37,D8S1179,13
37,D21S11,31.2
37,D21S11,29
37,D7S820,8
37,D7S820,11
37,CSF1PO,10
37,CSF1PO,12
37,D3S1358,14
37,D3S1358,15
37,TH01,6
37,TH01,7
37,D13S317,9
37,D13S317,11
37,D16S539,12
37,D16S539,11
37,D2S1338,18
37,D2S1338,20
37,D19S433,13
37,D19S433,14
37,vWA,18
37,vWA,16
37,TPOX,12
37,TPOX,8
37,D18S51,17
37,D18S51,15
37,AM,X
37,AM,Y
37,D5S818,12
37,D5S818,11
37,FGA,22
38,D8S1179,12
38,D8S1179,15
38,D21S11,30
38,D21S11,28
38,D7S820,8
38,D7S820,11
38,CSF1PO,12
38,CSF1PO,11
38,D3S1358,17
38,TH01,7
38,D13S317,12
38,D16S539,13
38,D16S539,11
38,D2S1338,19
38,D2S1338,16
38,D19S433,14.2
38,D19S433,14
38,vWA,18
38,vWA,17
38,TPOX,10
38,TPOX,8
38,D18S51,17
38,D18S51,15
38,AM,X
38,AM,Y
38,D5S818,13
38,D5S818,11
38,FGA,22
38,FGA,25
39,D8S1179,13
39,D8S1179,10
39,D21S11,30
39,D7S820,9
39,D7S820,12
39,CSF1PO,10
39,CSF1PO,12
39,D3S1358,17
39,D3S1358,16
39,TH01,6
39,TH01,9.3
39,D13S317,10
39,D13S317,12
39,D16S539,13
39,D16S539,9
39,D2S1338,19
39,D2S1338,16
39,D19S433,13
39,D19S433,14
39,vWA,19
39,vWA,18
39,TPOX,8
39,TPOX,11
39,D18S51,13
39,D18S51,20
39,AM,X
39,AM,Y
39,D5S818,13
39,D5S818,12
39,FGA,22
39,FGA,22.2
40,D8S1179,14
40,D8S1179,15
40,D21S11,29
40,D21S11,28
40,D7S820,9
40,D7S820,11
40,CSF1PO,12
40,CSF1PO,8
40,D3S1358,17
40,D3S1358,15
40,TH01,8
40,D13S317,12
40,D16S539,13
40,D2S1338,25
40,D2S1338,19
40,D19S433,13
40,D19S433,11
40,vWA,17
40,vWA,15
40,TPOX,12
40,TPOX,8
40,D18S51,12
40,D18S51,15
40,AM,X
40,AM,Y
40,D5S818,13
40,D5S818,12
40,FGA,26
40,FGA,28
41,D8S1179,13
41,D8S1179,14
41,D21S11,31
41,D21S11,35
41,D7S820,11
41,CSF1PO,12
41,D3S1358,17
41,D3S1358,16
41,TH01,7
41,D13S317,13
41,D13S317,12
41,D16S539,9
41,D16S539,11
41,D2S1338,22
41,D2S1338,20
41,D19S433,16.2
41,D19S433,13
41,vWA,19
41,vWA,18
41,TPOX,8
41,D18S51,13
41,D18S51,19
41,AM,X
41,AM,Y
41,D5S818,11
41,FGA,22
41,FGA,27
42,D8S1179,12
42,D8S1179,14
42,D21S11,30
42,D21S11,31.2
42,D7S820,11
42,CSF1PO,10
42,CSF1PO,12
42,D3S1358,16
42,D3S1358,15
42,TH01,9.3
42,TH01,9
42,D13S317,13
42,D13S317,12
42,D16S539,9
42,D16S539,12
42,D2S1338,22
42,D2S1338,23
42,D19S433,14.2
42,D19S433,14
42,vWA,17
42,vWA,16
42,TPOX,10
42,TPOX,8
42,D18S51,18
42,D18S51,17
42,AM,X
42,D5S818,13
42,D5S818,12
42,FGA,20
42,FGA,21
43,D8S1179,13
43,D8S1179,11
43,D21S11,27
43,D21S11,29
43,D7S820,9
43,D7S820,8
43,CSF1PO,10
43,CSF1PO,12
43,D3S1358,15
43,TH01,9.3
43,TH01,8
43,D13S317,12
43,D13S317,11
43,D16S539,10
43,D2S1338,22
43,D2S1338,19
43,D19S433,13.2
43,D19S433,14
43,vWA,13
43,vWA,17
43,TPOX,8
43,TPOX,11
43,D18S51,19
43,D18S51,18
43,AM,X
43,AM,Y
43,D5S818,12
43,D5S818,11
43,FGA,28
43,FGA,21
44,D8S1179,14
44,D8S1179,15
44,D21S11,32
44,D21S11,28
44,D7S820,10
44,D7S820,8
44,CSF1PO,12
44,CSF1PO,11
44,D3S1358,16
44,D3S1358,15
44,TH01,6
44,TH01,9.3
44,D13S317,8
44,D16S539,10
44,D16S539,11
44,D2S1338,19
44,D2S1338,16
44,D19S433,13
44,D19S433,15
44,vWA,20
44,TPOX,11
44,D18S51,12
44,D18S51,14
44,AM,X
44,AM,Y
44,D5S818,12
44,D5S818,11
44,FGA,23
44,FGA,24
45,D8S1179,10
45,D8S1179,14
45,D21S11,31
45,D21S11,28
45,D7S820,10
45,D7S820,9
45,CSF1PO,12
45,CSF1PO,11
45,D3S1358,17
45,D3S1358,15
45,TH01,9
45,TH01,7
45,D13S317,13
45,D13S317,12
45,D16S539,10
45,D16S539,11
45,D2S1338,25
45,D2S1338,19
45,D19S433,14
45,D19S433,11
45,vWA,13
45,vWA,16
45,TPOX,8
45,TPOX,11
45,D18S51,17
45,D18S51,16
45,AM,X
45,AM,Y
45,D5S818,11
45,FGA,25
45,FGA,21
46,D8S1179,14
46,D8S1179,11
46,D21S11,31
46,D21S11,32.2
46,D7S820,9
46,D7S820,12
46,CSF1PO,10
46,CSF1PO,11
46,D3S1358,14
46,D3S1358,15
46,TH01,9
46,TH01,7
46,D13S317,12
46,D16S539,12
46,D2S1338,25
46,D19S433,13
46,D19S433,10
46,vWA,16
46,TPOX,8
46,D18S51,13
46,D18S51,18
46,AM,X
46,AM,Y
46,D5S818,11
46,FGA,25
46,FGA,26
47,D8S1179,13
47,D21S11,30
47,D21S11,27
47,D7S820,10
47,D7S820,9
47,CSF1PO,12
47,D3S1358,14
47,TH01,6
47,TH01,9
47,D13S317,12
47,D16S539,12
47,D16S539,11
47,D2S1338,23
47,D2S1338,24
47,D19S433,13
47,D19S433,14.2
47,vWA,18
47,vWA,16
47,TPOX,10
47,TPOX,8
47,D18S51,13
47,D18S51,15
47,AM,X
47,AM,Y
47,D5S818,13
47,D5S818,12
47,FGA,22
47,FGA,21
48,D8S1179,14
48,D21S11,31.2
48,D21S11,29
48,D7S820,10
48,D7S820,8
48,CSF1PO,10
48,D3S1358,18
48,D3S1358,15
48,TH01,9
48,TH01,7
48,D13S317,12
48,D13S317,11
48,D16S539,13
48,D16S539,9
48,D2S1338,25
48,D2S1338,17
48,D19S433,14
48,D19S433,15
48,vWA,17
48,vWA,16
48,TPOX,9
48,TPOX,8
48,D18S51,12
48,D18S51,17
48,AM,X
48,AM,Y
48,D5S818,12
48,D5S818,14
48,FGA,19
48,FGA,27
49,D8S1179,13
49,D8S1179,10
49,D21S11,32.2
49,D21S11,29
49,D7S820,9
49,D7S820,8
49,CSF1PO,10
49,D3S1358,17
49,D3S1358,14
49,TH01,6
49,TH01,9
49,D13S317,13
49,D13S317,12
49,D16S539,13
49,D16S539,10
49,D2S1338,17
49,D19S433,13
49,D19S433,12
49,vWA,18
49,vWA,17
49,TPOX,11
49,D18S51,12
49,D18S51,17
49,AM,X
49,AM,Y
49,D5S818,13
49,D5S818,11
49,FGA,23
49,FGA,24
50,D8S1179,10
50,D8S1179,15
50,D21S11,33.2
50,D21S11,32.2
50,D7S820,12
50,D7S820,8
50,CSF1PO,13
50,CSF1PO,11
50,D3S1358,17
50,D3S1358,16
50,TH01,6
50,TH01,7
50,D13S317,12
50,D13S317,11
50,D16S539,13
50,D16S539,12
50,D2S1338,22
50,D2S1338,21
50,D19S433,12
50,D19S433,11
50,vWA,18
50,vWA,15
50,TPOX,7
50,TPOX,11
50,D18S51,20
50,D18S51,16
50,AM,X
50,AM,Y
50,D5S818,11
50,FGA,19
